{
	"beadpack" : 2e-6,
	"ketton" : 6.00012e-6,
	"bentheimer" : 6.007e-6,
	"estaillades" : 6.62272e-6,
	"doddington" : 5.3858e-6,
	"Isotropic12" : 5e-6,
	"Isotropic13" : 2e-6,
	"Isotropic14" : 2e-6,
	"Anisotropic121214" : 2e-6,
	"Anisotropic131314" : 2e-6,
	"S1" : 8.683e-6,
	"S2" : 4.956e-6,
	"S3" : 9.1e-6,
	"S4" : 8.96e-6,
	"S5" : 3.997e-6,
	"S6" : 5.1e-6,
	"S7" : 4.803e-6,
	"S8" : 4.892e-6,
	"S9" : 3.398e-6,
	"C1" : 2.85e-6,
	"C2" : 5.345e-6,
	"Berea" : 5.345e-6
}