{"name": "Anisotropic131314", "z_frac": 0.28789805021168874, "y_frac": 0.35608538169655424, "x_interface": 1024380, "total_area": 2877338, "z_interface": 828380, "y_interface": 1024578, "x_frac": 0.356016568091757}