{"name": "Anisotropic121214", "z_frac": 0.2515875864778113, "y_frac": 0.3742421550643084, "x_interface": 1436382, "total_area": 3838846, "z_interface": 965806, "y_interface": 1436658, "x_frac": 0.3741702584578803}