{"name": "beadpack", "z_frac": 0.333447861115745, "y_frac": 0.3336841395990271, "x_interface": 4485604, "total_area": 13475624, "z_interface": 4493418, "y_interface": 4496602, "x_frac": 0.3328679992852279}