{"name": "bentheimer", "z_frac": 0.35237181690477615, "y_frac": 0.32326723055771417, "x_interface": 4861906, "total_area": 14989184, "z_interface": 5281766, "y_interface": 4845512, "x_frac": 0.32436095253750974}