{"name": "Berea", "z_frac": 0.342326548447711, "y_frac": 0.3351639058175828, "x_interface": 2581736, "total_area": 8005146, "z_interface": 2740374, "y_interface": 2683036, "x_frac": 0.32250954573470614}