{"name": "C1", "z_frac": 0.4301143804177993, "y_frac": 0.2744949815899947, "x_interface": 1868614, "total_area": 6325908, "z_interface": 2720864, "y_interface": 1736430, "x_frac": 0.295390637992206}