{"name": "C2", "z_frac": 0.4052396369690031, "y_frac": 0.2951663972667494, "x_interface": 1982466, "total_area": 6617176, "z_interface": 2681542, "y_interface": 1953168, "x_frac": 0.29959396576424746}