{"name": "doddington", "z_frac": 0.3383024218939645, "y_frac": 0.3118120566481793, "x_interface": 6633178, "total_area": 18958138, "z_interface": 6413584, "y_interface": 5911376, "x_frac": 0.34988552145785623}