{"name": "estaillades", "z_frac": 0.337813611598482, "y_frac": 0.3169210881308922, "x_interface": 7229468, "total_area": 20938878, "z_interface": 7073438, "y_interface": 6635972, "x_frac": 0.3452653002706258}