{"name": "Isotropic13", "z_frac": 0.3330841454675092, "y_frac": 0.33348308857143205, "x_interface": 1099900, "total_area": 3298716, "z_interface": 1098750, "y_interface": 1100066, "x_frac": 0.3334327659610588}