{"name": "Isotropic12", "z_frac": 0.33268507358295757, "y_frac": 0.33365678809422433, "x_interface": 1482674, "total_area": 4443692, "z_interface": 1478350, "y_interface": 1482668, "x_frac": 0.33365813832281804}