{"name": "Isotropic14", "z_frac": 0.3332504046845633, "y_frac": 0.3334307473356003, "x_interface": 613620, "total_area": 1840940, "z_interface": 613494, "y_interface": 613826, "x_frac": 0.3333188479798364}