{"name": "ketton", "z_frac": 0.3395459856245244, "y_frac": 0.3185505989267011, "x_interface": 4430446, "total_area": 12958180, "z_interface": 4399898, "y_interface": 4127836, "x_frac": 0.34190341544877445}