{"name": "S1", "z_frac": 0.402576443916046, "y_frac": 0.3015512309902719, "x_interface": 668446, "total_area": 2259238, "z_interface": 909516, "y_interface": 681276, "x_frac": 0.29587232509368205}