{"name": "S2", "z_frac": 0.38652850566562164, "y_frac": 0.30808507054212525, "x_interface": 1073236, "total_area": 3514354, "z_interface": 1358398, "y_interface": 1082720, "x_frac": 0.30538642379225317}