{"name": "S3", "z_frac": 0.4243328918742739, "y_frac": 0.28751246739095165, "x_interface": 1367692, "total_area": 4746382, "z_interface": 2014046, "y_interface": 1364644, "x_frac": 0.2881546407347744}