{"name": "S4", "z_frac": 0.4234951974741409, "y_frac": 0.2817470747344222, "x_interface": 1417530, "total_area": 4809136, "z_interface": 2036646, "y_interface": 1354960, "x_frac": 0.29475772779143694}