{"name": "S5", "z_frac": 0.38650195682305105, "y_frac": 0.3069848320268628, "x_interface": 531630, "total_area": 1734444, "z_interface": 670366, "y_interface": 532448, "x_frac": 0.3065132111500861}