{"name": "S6", "z_frac": 0.38210414589431024, "y_frac": 0.31243879202208424, "x_interface": 550824, "total_area": 1803278, "z_interface": 689040, "y_interface": 563414, "x_frac": 0.3054570620836055}