{"name": "S7", "z_frac": 0.38498902577564054, "y_frac": 0.308176072882085, "x_interface": 834594, "total_area": 2720010, "z_interface": 1047174, "y_interface": 838242, "x_frac": 0.3068349013422745}