{"name": "S8", "z_frac": 0.4058252234840397, "y_frac": 0.29838283624965056, "x_interface": 1074986, "total_area": 3634264, "z_interface": 1474876, "y_interface": 1084402, "x_frac": 0.2957919402663098}