{"name": "S9", "z_frac": 0.33723433637293876, "y_frac": 0.35624847189647835, "x_interface": 541584, "total_area": 1766896, "z_interface": 595858, "y_interface": 629454, "x_frac": 0.3065171917305829}