{
	"beadpack" : {"kx":6106e-15,"ky":6244e-15,"kz":6117e-15, "phi_eff": 0.362},
	"ketton" : {"kx":5037e-15,"ky":3411e-15,"kz":3219e-15, "phi_eff": 0.127168},
	"bentheimer" : {"kx":2743e-15,"ky":2829e-15,"kz":2299e-15, "phi_eff": 0.201},
	"estaillades" : {"kx":1.54682e-13,"ky":7.36353e-14,"kz":1.15788e-13, "phi_eff": 0.101394},
	"doddington" : {"kx":309e-15,"ky":304e-15,"kz":265e-15, "phi_eff": 0.189},
	"Isotropic12" : {"kx":8509e-15,"ky":8506e-15,"kz":8511e-15, "phi_eff": 0.205},
	"Isotropic13" : {"kx":919e-15,"ky":920e-15,"kz":932e-15, "phi_eff": 0.106},
	"Isotropic14" : {"kx":0.3e-15,"ky":0.3e-15,"kz":0.3e-15, "phi_eff": 0.042},
	"Anisotropic121214" : {"kx":1346e-15,"ky":1351e-15,"kz":7459e-15, "phi_eff": 0.147},
	"Anisotropic131314" : {"kx":129e-15,"ky":129e-15,"kz":865e-15, "phi_eff": 0.083},
	"S1" : {"kx":1969e-15,"ky":1752e-15,"kz":1312e-15, "phi_eff": 0.141},
	"S2" : {"kx":4318e-15,"ky":3983e-15,"kz":3394e-15, "phi_eff": 0.246},
	"S3" : {"kx":143e-15,"ky":420e-15,"kz":109e-15, "phi_eff": 0.169},
	"S4" : {"kx":273e-15,"ky":289e-15,"kz":215e-15, "phi_eff": 0.171},
	"S5" : {"kx":4683e-15,"ky":4874e-15,"kz":4440e-15, "phi_eff": 0.211},
	"S6" : {"kx":11289e-15,"ky":10683e-15,"kz":10951e-15, "phi_eff": 0.24},
	"S7" : {"kx":7268e-15,"ky":7594e-15,"kz":6037e-15, "phi_eff": 0.251},
	"S8" : {"kx":13063e-15,"ky":13507e-15,"kz":12936e-15, "phi_eff": 0.34},
	"S9" : {"kx":2735e-15,"ky":2093e-15,"kz":1844e-15, "phi_eff": 0.222},
	"C1" : {"kx":785e-15,"ky":1469e-15,"kz":1053e-15, "phi_eff": 0.233},
	"C2" : {"kx":38e-15,"ky":161e-15,"kz":18e-15, "phi_eff": 0.168},
	"Berea" : {"kx":1360e-15,"ky":1304e-15,"kz":1193e-15, "phi_eff": 0.196}
}